dataset,model_a,model_b,dim_a,dim_b,cka_score,mean_cosine_sim,procrustes_distance
tabarena_APSFailure,hyperfast,mitra,784,512,0.1470616035783406,0.21476969122886658,1.0722174644470215
tabarena_Amazon_employee_access,hyperfast,mitra,784,512,0.11886804062113646,-0.013135897926986217,1.1465257406234741
tabarena_Another-Dataset-on-used-Fiat-500,hyperfast,mitra,784,512,0.1253430307361024,-0.16740398108959198,1.0682060718536377
tabarena_Bank_Customer_Churn,hyperfast,mitra,784,512,0.20329009247962895,0.2164640873670578,1.1062071323394775
tabarena_Bioresponse,hyperfast,mitra,784,512,0.8568823284986613,-0.4983093738555908,0.5743489265441895
tabarena_Diabetes130US,hyperfast,mitra,784,512,0.16861486190971434,0.08800540864467621,1.064739465713501
tabarena_E-CommereShippingData,hyperfast,mitra,784,512,0.2251823352707089,0.42777499556541443,0.9808028340339661
tabarena_Fitness_Club,hyperfast,mitra,784,512,0.6300296787962956,-0.5814108848571777,0.6960580348968506
tabarena_Food_Delivery_Time,hyperfast,mitra,784,512,0.05544121892682597,0.06248647719621658,1.237599492073059
tabarena_GiveMeSomeCredit,hyperfast,mitra,784,512,0.14033285791959083,-0.06929940730333328,1.160595178604126
tabarena_HR_Analytics_Job_Change_of_Data_Scientists,hyperfast,mitra,784,512,0.08543839217912277,0.03457753732800484,1.1655659675598145
tabarena_Is-this-a-good-customer,hyperfast,mitra,784,512,0.07785378411748455,0.07473786920309067,1.1941653490066528
tabarena_MIC,hyperfast,mitra,784,512,0.03181451712612585,-0.07919354736804962,1.2326159477233887
tabarena_Marketing_Campaign,hyperfast,mitra,784,512,0.03108471074670924,0.22962549328804016,1.2785736322402954
tabarena_NATICUSdroid,hyperfast,mitra,784,512,0.6985114256038435,-0.13732294738292694,0.671902596950531
tabarena_QSAR_fish_toxicity,hyperfast,mitra,784,512,0.704975816559731,0.5086410045623779,0.5811024904251099
tabarena_SDSS17,hyperfast,mitra,784,512,0.027249290358685185,0.08328671753406525,1.2866261005401611
tabarena_airfoil_self_noise,hyperfast,mitra,784,512,0.19713046767093345,0.23161520063877106,1.114150881767273
tabarena_anneal,hyperfast,mitra,784,512,0.060498259084184616,0.031038889661431313,1.206488847732544
tabarena_bank-marketing,hyperfast,mitra,784,512,0.08141206200481627,0.032012101262807846,1.2102166414260864
tabarena_blood-transfusion-service-center,hyperfast,mitra,784,512,0.41930839903641726,0.2777668833732605,0.9119391441345215
tabarena_churn,hyperfast,mitra,784,512,0.4598331710802996,0.22641883790493011,0.906839907169342
tabarena_coil2000_insurance_policies,hyperfast,mitra,784,512,0.19880892177156284,-0.04382971674203873,0.9969387650489807
tabarena_concrete_compressive_strength,hyperfast,mitra,784,512,0.42632625333739865,0.25925543904304504,0.7955360412597656
tabarena_credit-g,hyperfast,mitra,784,512,0.12595579156402137,-0.10600807517766953,1.175366759300232
tabarena_credit_card_clients_default,hyperfast,mitra,784,512,0.20715763354277633,0.019772272557020187,1.0351632833480835
tabarena_customer_satisfaction_in_airline,hyperfast,mitra,784,512,0.007099802008619358,0.015050159767270088,1.3436506986618042
tabarena_diabetes,hyperfast,mitra,784,512,0.20396124451056097,-0.12791761755943298,0.9879746437072754
tabarena_diamonds,hyperfast,mitra,784,512,0.7211301689659257,0.2817748486995697,0.7091265916824341
tabarena_hazelnut-spread-contaminant-detection,hyperfast,mitra,784,512,0.28554414706483916,-0.2474384307861328,0.9557791948318481
tabarena_healthcare_insurance_expenses,hyperfast,mitra,784,512,0.16259112391854919,0.022417264059185982,1.111970067024231
tabarena_heloc,hyperfast,mitra,784,512,0.2979144834322285,-0.2494107186794281,0.9426225423812866
tabarena_hiva_agnostic,hyperfast,mitra,784,512,0.5437720713184427,-0.23111207783222198,0.8684620261192322
tabarena_houses,hyperfast,mitra,784,512,0.19420588264555136,0.07808483392000198,1.0361989736557007
tabarena_in_vehicle_coupon_recommendation,hyperfast,mitra,784,512,0.03437886626059783,0.0560554601252079,1.2464077472686768
tabarena_jm1,hyperfast,mitra,784,512,0.37788932974461803,-0.3178112804889679,0.9159809350967407
tabarena_kddcup09_appetency,hyperfast,mitra,784,512,0.4880647259603255,-0.2126704603433609,0.8792306184768677
tabarena_maternal_health_risk,hyperfast,mitra,784,512,0.20884281262135332,0.16616839170455933,1.0502017736434937
tabarena_miami_housing,hyperfast,mitra,784,512,0.4939418657653128,-0.20478643476963043,0.7969194054603577
tabarena_online_shoppers_intention,hyperfast,mitra,784,512,0.2923514094026562,0.26503464579582214,0.9710283279418945
tabarena_physiochemical_protein,hyperfast,mitra,784,512,0.25931986159566145,-0.2000163197517395,1.0280474424362183
tabarena_polish_companies_bankruptcy,hyperfast,mitra,784,512,0.43703600963054273,0.35523077845573425,0.9366714358329773
tabarena_qsar-biodeg,hyperfast,mitra,784,512,0.36034977468737756,-0.13668407499790192,0.8868029713630676
tabarena_seismic-bumps,hyperfast,mitra,784,512,0.14905520475563735,0.16665306687355042,1.0952447652816772
tabarena_splice,hyperfast,mitra,784,512,0.40360349912124766,0.09109623730182648,0.9559925198554993
tabarena_students_dropout_and_academic_success,hyperfast,mitra,784,512,0.1052929653134082,-0.02115238644182682,1.1157937049865723
tabarena_superconductivity,hyperfast,mitra,784,512,0.6588622456182943,0.6035696864128113,0.7278196215629578
tabarena_taiwanese_bankruptcy_prediction,hyperfast,mitra,784,512,0.07375611447112895,-0.01527000218629837,1.1592453718185425
tabarena_website_phishing,hyperfast,mitra,784,512,0.37880154796558485,0.014874552376568317,0.8915289044380188
tabarena_wine_quality,hyperfast,mitra,784,512,0.2001914797960107,0.012671512551605701,1.1348707675933838
tabarena_APSFailure,hyperfast,tabicl,784,512,0.0868487464528688,0.1878470480442047,1.1070144176483154
tabarena_Amazon_employee_access,hyperfast,tabicl,784,512,0.08460503669552,-0.08377647399902344,1.1928383111953735
tabarena_Another-Dataset-on-used-Fiat-500,hyperfast,tabicl,784,512,0.10998162216630343,-0.04111145809292793,1.160218596458435
tabarena_Bank_Customer_Churn,hyperfast,tabicl,784,512,0.2783326409666625,0.2605592608451843,1.1073347330093384
tabarena_Bioresponse,hyperfast,tabicl,784,512,0.479305307320144,-0.04237021133303642,0.7782897353172302
tabarena_Diabetes130US,hyperfast,tabicl,784,512,0.1656755157945568,0.004992254544049501,1.095764398574829
tabarena_E-CommereShippingData,hyperfast,tabicl,784,512,0.19697577024741253,0.505704939365387,1.023237943649292
tabarena_Fitness_Club,hyperfast,tabicl,784,512,0.41775633069873325,-0.46109911799430847,0.9079627990722656
tabarena_Food_Delivery_Time,hyperfast,tabicl,784,512,0.1437622961707574,-0.008159025572240353,1.2057843208312988
tabarena_GiveMeSomeCredit,hyperfast,tabicl,784,512,0.05710851048787914,-0.039096180349588394,1.2507444620132446
tabarena_HR_Analytics_Job_Change_of_Data_Scientists,hyperfast,tabicl,784,512,0.09615945757638487,0.10105263441801071,1.1747013330459595
tabarena_Is-this-a-good-customer,hyperfast,tabicl,784,512,0.11130704935060672,0.052530936896800995,1.1740106344223022
tabarena_MIC,hyperfast,tabicl,784,512,0.042348446314796506,0.019414396956562996,1.2007046937942505
tabarena_Marketing_Campaign,hyperfast,tabicl,784,512,0.017272846345402333,-0.16565048694610596,1.3152581453323364
tabarena_NATICUSdroid,hyperfast,tabicl,784,512,0.6912434131728356,-0.11632929742336273,0.6333821415901184
tabarena_QSAR-TID-11,hyperfast,tabicl,784,512,0.4715029481192952,-0.15927565097808838,0.7720267176628113
tabarena_QSAR_fish_toxicity,hyperfast,tabicl,784,512,0.40846625068685055,0.11267410218715668,0.8856000304222107
tabarena_SDSS17,hyperfast,tabicl,784,512,0.028753608356932192,-0.015201475471258163,1.2827118635177612
tabarena_airfoil_self_noise,hyperfast,tabicl,784,512,0.1590290351757821,0.17853035032749176,1.2003417015075684
tabarena_anneal,hyperfast,tabicl,784,512,0.1032589355388534,-0.1479487121105194,1.1554991006851196
tabarena_bank-marketing,hyperfast,tabicl,784,512,0.12443900381459799,-0.04994981363415718,1.190593957901001
tabarena_blood-transfusion-service-center,hyperfast,tabicl,784,512,0.5496828142682552,0.272950142621994,0.9629450440406799
tabarena_churn,hyperfast,tabicl,784,512,0.4235260254933418,0.07926599681377411,0.9421467781066895
tabarena_coil2000_insurance_policies,hyperfast,tabicl,784,512,0.1990218007943695,-0.09499841928482056,0.9520770907402039
tabarena_concrete_compressive_strength,hyperfast,tabicl,784,512,0.2694552276572422,0.10826124250888824,1.0506864786148071
tabarena_credit-g,hyperfast,tabicl,784,512,0.08192742347811556,-0.09316239506006241,1.2365028858184814
tabarena_credit_card_clients_default,hyperfast,tabicl,784,512,0.376670145062017,-0.31803444027900696,0.9379595518112183
tabarena_customer_satisfaction_in_airline,hyperfast,tabicl,784,512,0.04971714467415811,0.06863179802894592,1.2772635221481323
tabarena_diabetes,hyperfast,tabicl,784,512,0.0961679046338953,-0.02596796490252018,1.1242188215255737
tabarena_diamonds,hyperfast,tabicl,784,512,0.5950974034098814,0.19327540695667267,0.8680785894393921
tabarena_hazelnut-spread-contaminant-detection,hyperfast,tabicl,784,512,0.4964833997109423,-0.3050978183746338,0.8835262060165405
tabarena_healthcare_insurance_expenses,hyperfast,tabicl,784,512,0.5926537115016771,0.3025354743003845,1.0438494682312012
tabarena_heloc,hyperfast,tabicl,784,512,0.44047330864512735,-0.0920017883181572,0.9419175982475281
tabarena_hiva_agnostic,hyperfast,tabicl,784,512,0.6590840853228602,-0.16559970378875732,0.6437581181526184
tabarena_houses,hyperfast,tabicl,784,512,0.1914381997154338,0.063856340944767,1.0722227096557617
tabarena_in_vehicle_coupon_recommendation,hyperfast,tabicl,784,512,0.15857701591610462,0.08865004777908325,1.1615960597991943
tabarena_jm1,hyperfast,tabicl,784,512,0.5275636751736726,-0.3924025595188141,0.8881655335426331
tabarena_kddcup09_appetency,hyperfast,tabicl,784,512,0.5013059416718215,-0.20417743921279907,0.874700129032135
tabarena_maternal_health_risk,hyperfast,tabicl,784,512,0.09672186472467177,0.033008016645908356,1.1939456462860107
tabarena_miami_housing,hyperfast,tabicl,784,512,0.3865565673668583,-0.01259557157754898,0.8553826808929443
tabarena_online_shoppers_intention,hyperfast,tabicl,784,512,0.34079486167441875,0.267358660697937,0.9585305452346802
tabarena_physiochemical_protein,hyperfast,tabicl,784,512,0.2510434286409589,-0.20749421417713165,1.051563024520874
tabarena_polish_companies_bankruptcy,hyperfast,tabicl,784,512,0.3906321515684566,0.36884263157844543,0.9409409761428833
tabarena_qsar-biodeg,hyperfast,tabicl,784,512,0.2362397275218367,0.15129826962947845,1.000287413597107
tabarena_seismic-bumps,hyperfast,tabicl,784,512,0.13863817993217095,0.20641858875751495,1.1272746324539185
tabarena_splice,hyperfast,tabicl,784,512,0.2218262750056386,-0.03826574236154556,0.9592643976211548
tabarena_students_dropout_and_academic_success,hyperfast,tabicl,784,512,0.0906842870717852,0.02558918669819832,1.1002705097198486
tabarena_superconductivity,hyperfast,tabicl,784,512,0.33003490365907134,0.26739776134490967,0.972220778465271
tabarena_taiwanese_bankruptcy_prediction,hyperfast,tabicl,784,512,0.07764769177779346,-0.007447556126862764,1.142134428024292
tabarena_website_phishing,hyperfast,tabicl,784,512,0.2638368833457558,-0.04628441855311394,0.915273129940033
tabarena_wine_quality,hyperfast,tabicl,784,512,0.03671007555491002,0.03225722536444664,1.2782115936279297
tabarena_APSFailure,hyperfast,tabpfn,784,192,0.12696407861938572,0.17163224518299103,1.0955266952514648
tabarena_Amazon_employee_access,hyperfast,tabpfn,784,192,0.18326030575289443,0.1588464230298996,1.0728814601898193
tabarena_Another-Dataset-on-used-Fiat-500,hyperfast,tabpfn,784,192,0.16411758362170079,-0.08315829187631607,1.0846209526062012
tabarena_Bank_Customer_Churn,hyperfast,tabpfn,784,192,0.2541735501536904,0.18970614671707153,1.0700712203979492
tabarena_Bioresponse,hyperfast,tabpfn,784,192,0.5686494361307912,-0.38485679030418396,0.7750696539878845
tabarena_Diabetes130US,hyperfast,tabpfn,784,192,0.09124922324106259,0.035592205822467804,1.1481674909591675
tabarena_E-CommereShippingData,hyperfast,tabpfn,784,192,0.24001367910128998,0.5079210996627808,0.9707600474357605
tabarena_Fitness_Club,hyperfast,tabpfn,784,192,0.5123768466209289,-0.4567541480064392,0.7915804386138916
tabarena_Food_Delivery_Time,hyperfast,tabpfn,784,192,0.02529178824945002,0.024035634472966194,1.290138602256775
tabarena_GiveMeSomeCredit,hyperfast,tabpfn,784,192,0.03602112150000632,-0.03585609793663025,1.275384545326233
tabarena_HR_Analytics_Job_Change_of_Data_Scientists,hyperfast,tabpfn,784,192,0.07479523501347221,0.18302354216575623,1.187388300895691
tabarena_Is-this-a-good-customer,hyperfast,tabpfn,784,192,0.06231710694883083,0.07305563986301422,1.2214419841766357
tabarena_MIC,hyperfast,tabpfn,784,192,0.10480189872141055,-0.15643788874149323,1.1313319206237793
tabarena_Marketing_Campaign,hyperfast,tabpfn,784,192,0.04244879237811364,-0.08059230446815491,1.2643400430679321
tabarena_NATICUSdroid,hyperfast,tabpfn,784,192,0.6699730722778116,-0.1409742683172226,0.6727991700172424
tabarena_QSAR-TID-11,hyperfast,tabpfn,784,192,0.41217056069930613,0.0426853708922863,0.8882703185081482
tabarena_QSAR_fish_toxicity,hyperfast,tabpfn,784,192,0.5309234343915383,-0.031306032091379166,0.8098330497741699
tabarena_SDSS17,hyperfast,tabpfn,784,192,0.02893061015961804,-0.0732199177145958,1.2792249917984009
tabarena_airfoil_self_noise,hyperfast,tabpfn,784,192,0.16870666493091002,0.05970964580774307,1.1895831823349
tabarena_anneal,hyperfast,tabpfn,784,192,0.07356836276972316,-0.0260024257004261,1.1979211568832397
tabarena_bank-marketing,hyperfast,tabpfn,784,192,0.08603224924648599,0.0277019664645195,1.2172266244888306
tabarena_blood-transfusion-service-center,hyperfast,tabpfn,784,192,0.2833402668458046,0.24787349998950958,1.0177870988845825
tabarena_churn,hyperfast,tabpfn,784,192,0.4844236402922932,0.15606528520584106,0.888354480266571
tabarena_coil2000_insurance_policies,hyperfast,tabpfn,784,192,0.1458656531492804,-0.1139206513762474,1.0401842594146729
tabarena_concrete_compressive_strength,hyperfast,tabpfn,784,192,0.2618347377361006,0.1597026139497757,1.0129767656326294
tabarena_credit-g,hyperfast,tabpfn,784,192,0.07156625318808917,-0.13404354453086853,1.2380133867263794
tabarena_credit_card_clients_default,hyperfast,tabpfn,784,192,0.16127537586304877,0.005015543662011623,1.0570605993270874
tabarena_customer_satisfaction_in_airline,hyperfast,tabpfn,784,192,0.01547724291205609,0.006791728548705578,1.3251196146011353
tabarena_diabetes,hyperfast,tabpfn,784,192,0.1338266083454602,-0.09499183297157288,1.0844745635986328
tabarena_diamonds,hyperfast,tabpfn,784,192,0.42486186435154244,0.18709832429885864,0.9327898621559143
tabarena_hazelnut-spread-contaminant-detection,hyperfast,tabpfn,784,192,0.2831669557234137,-0.2046276479959488,0.9840729832649231
tabarena_healthcare_insurance_expenses,hyperfast,tabpfn,784,192,0.3740384991898884,-0.05088696628808975,1.0926384925842285
tabarena_heloc,hyperfast,tabpfn,784,192,0.22302445434661589,-0.2215268462896347,1.002856969833374
tabarena_hiva_agnostic,hyperfast,tabpfn,784,192,0.29426393670748197,-0.0010460379999130964,0.9497584700584412
tabarena_houses,hyperfast,tabpfn,784,192,0.2510296571319433,0.18013674020767212,1.0406368970870972
tabarena_in_vehicle_coupon_recommendation,hyperfast,tabpfn,784,192,0.03508731328825877,0.07903756946325302,1.2461069822311401
tabarena_jm1,hyperfast,tabpfn,784,192,0.15811879670498355,-0.1562355011701584,1.0933971405029297
tabarena_kddcup09_appetency,hyperfast,tabpfn,784,192,0.2981366202996907,-0.1412068009376526,1.0212310552597046
tabarena_maternal_health_risk,hyperfast,tabpfn,784,192,0.13250405919194364,0.13421154022216797,1.1408482789993286
tabarena_miami_housing,hyperfast,tabpfn,784,192,0.3228992707207165,-0.15468887984752655,0.9154195189476013
tabarena_online_shoppers_intention,hyperfast,tabpfn,784,192,0.207324230077924,0.22830280661582947,1.06377375125885
tabarena_physiochemical_protein,hyperfast,tabpfn,784,192,0.16792542290385054,-0.033870257437229156,1.1303160190582275
tabarena_polish_companies_bankruptcy,hyperfast,tabpfn,784,192,0.2572611139045434,-0.23951543867588043,1.052451491355896
tabarena_qsar-biodeg,hyperfast,tabpfn,784,192,0.3208388656223511,-0.2723647356033325,0.9288236498832703
tabarena_seismic-bumps,hyperfast,tabpfn,784,192,0.13216519644998684,0.23814815282821655,1.1292641162872314
tabarena_splice,hyperfast,tabpfn,784,192,0.32268235258792904,-0.1400628536939621,0.967570960521698
tabarena_students_dropout_and_academic_success,hyperfast,tabpfn,784,192,0.1015256121271034,0.1499945968389511,1.1076356172561646
tabarena_superconductivity,hyperfast,tabpfn,784,192,0.5962638092342143,0.41414883732795715,0.8958362340927124
tabarena_taiwanese_bankruptcy_prediction,hyperfast,tabpfn,784,192,0.0859707716542998,-0.06832294166088104,1.1638803482055664
tabarena_website_phishing,hyperfast,tabpfn,784,192,0.391409849711409,-0.004884782247245312,0.8679590225219727
tabarena_wine_quality,hyperfast,tabpfn,784,192,0.05491771054624493,-0.03817276656627655,1.258763074874878
tabarena_APSFailure,mitra,tabicl,512,512,0.8596219342583157,0.005946088582277298,0.4708203673362732
tabarena_Amazon_employee_access,mitra,tabicl,512,512,0.6663214465275556,0.03014499694108963,0.6591407656669617
tabarena_Another-Dataset-on-used-Fiat-500,mitra,tabicl,512,512,0.7405835382850724,-0.0480131059885025,0.8110226392745972
tabarena_Bank_Customer_Churn,mitra,tabicl,512,512,0.7310867760842743,0.016717564314603806,0.6398313641548157
tabarena_Bioresponse,mitra,tabicl,512,512,0.5707149261169178,0.032881345599889755,0.7613556385040283
tabarena_Diabetes130US,mitra,tabicl,512,512,0.6154847168708535,0.02963758446276188,0.7163395285606384
tabarena_E-CommereShippingData,mitra,tabicl,512,512,0.9771475002342099,0.022044606506824493,0.3116360008716583
tabarena_Fitness_Club,mitra,tabicl,512,512,0.7852112439172213,0.029824160039424896,0.5701540112495422
tabarena_Food_Delivery_Time,mitra,tabicl,512,512,0.4709110359653997,-0.03643214330077171,0.8659010529518127
tabarena_GiveMeSomeCredit,mitra,tabicl,512,512,0.9077315020529445,0.023192714899778366,0.4793100655078888
tabarena_HR_Analytics_Job_Change_of_Data_Scientists,mitra,tabicl,512,512,0.7070358357449045,0.032416827976703644,0.6230508685112
tabarena_Is-this-a-good-customer,mitra,tabicl,512,512,0.7717451632929521,0.02921871654689312,0.6432746648788452
tabarena_MIC,mitra,tabicl,512,512,0.8743009631042855,0.019369417801499367,0.4733189046382904
tabarena_Marketing_Campaign,mitra,tabicl,512,512,0.3965321316102272,0.020345166325569153,0.8302484750747681
tabarena_NATICUSdroid,mitra,tabicl,512,512,0.922596186867297,0.02731778845191002,0.3714047968387604
tabarena_QSAR_fish_toxicity,mitra,tabicl,512,512,0.5790144861682044,-0.013193763792514801,0.7633963823318481
tabarena_SDSS17,mitra,tabicl,512,512,0.6825533453717096,-0.006086433306336403,0.6083564758300781
tabarena_airfoil_self_noise,mitra,tabicl,512,512,0.49433865710092356,-0.026097388938069344,0.7989858388900757
tabarena_anneal,mitra,tabicl,512,512,0.45263953742349716,0.04765484482049942,0.7098112106323242
tabarena_bank-marketing,mitra,tabicl,512,512,0.6951358122950368,0.01986110396683216,0.7044899463653564
tabarena_blood-transfusion-service-center,mitra,tabicl,512,512,0.6858765352991504,0.025027090683579445,0.6489555835723877
tabarena_churn,mitra,tabicl,512,512,0.8296451199480896,0.00562261464074254,0.5119884014129639
tabarena_coil2000_insurance_policies,mitra,tabicl,512,512,0.6372015962731472,0.03169150650501251,0.7462339401245117
tabarena_concrete_compressive_strength,mitra,tabicl,512,512,0.4236174100453541,-0.03609352186322212,0.9042728543281555
tabarena_credit-g,mitra,tabicl,512,512,0.7672436188297354,0.03133126348257065,0.6241451501846313
tabarena_credit_card_clients_default,mitra,tabicl,512,512,0.5520565041115327,0.029596734791994095,0.6301239132881165
tabarena_customer_satisfaction_in_airline,mitra,tabicl,512,512,0.24716984447923984,0.02038036659359932,0.9047148823738098
tabarena_diabetes,mitra,tabicl,512,512,0.5792369467368278,0.03561814874410629,0.6826633810997009
tabarena_diamonds,mitra,tabicl,512,512,0.7449044412533873,-0.04611686244606972,0.766707181930542
tabarena_hazelnut-spread-contaminant-detection,mitra,tabicl,512,512,0.7247727678410689,0.020882420241832733,0.5943293571472168
tabarena_healthcare_insurance_expenses,mitra,tabicl,512,512,0.2624440173562105,-0.043400656431913376,0.9958103895187378
tabarena_heloc,mitra,tabicl,512,512,0.440978152411953,0.037070710211992264,0.7199342250823975
tabarena_hiva_agnostic,mitra,tabicl,512,512,0.8176180537902269,0.007905839011073112,0.785346269607544
tabarena_houses,mitra,tabicl,512,512,0.7733728974837445,-0.009714321233332157,0.644317626953125
tabarena_in_vehicle_coupon_recommendation,mitra,tabicl,512,512,0.47519846573410524,0.02930874191224575,0.7789707779884338
tabarena_jm1,mitra,tabicl,512,512,0.8563561383794953,0.02734614536166191,0.47496697306632996
tabarena_kddcup09_appetency,mitra,tabicl,512,512,0.8096889475603237,0.031231239438056946,0.6636348962783813
tabarena_maternal_health_risk,mitra,tabicl,512,512,0.3744440922109431,-0.006928160320967436,0.8287820816040039
tabarena_miami_housing,mitra,tabicl,512,512,0.5791026128986371,-0.06488551944494247,0.7804301977157593
tabarena_online_shoppers_intention,mitra,tabicl,512,512,0.957783355974881,0.017572129145264626,0.3675386309623718
tabarena_physiochemical_protein,mitra,tabicl,512,512,0.7615393964903964,-0.017161469906568527,0.6498530507087708
tabarena_polish_companies_bankruptcy,mitra,tabicl,512,512,0.7970442749503488,0.02167026698589325,0.520524263381958
tabarena_qsar-biodeg,mitra,tabicl,512,512,0.45848953398502174,0.02661839872598648,0.7864577770233154
tabarena_seismic-bumps,mitra,tabicl,512,512,0.9283571932987439,0.02677796594798565,0.43058905005455017
tabarena_splice,mitra,tabicl,512,512,0.49037592614052694,0.024382470175623894,0.7674680948257446
tabarena_students_dropout_and_academic_success,mitra,tabicl,512,512,0.5715179749676431,-0.010635820217430592,0.6427587270736694
tabarena_superconductivity,mitra,tabicl,512,512,0.4512173542811748,-0.02017972432076931,0.8943433165550232
tabarena_taiwanese_bankruptcy_prediction,mitra,tabicl,512,512,0.9357090476384698,0.008650322444736958,0.38627198338508606
tabarena_website_phishing,mitra,tabicl,512,512,0.6800313952126178,0.004519210662692785,0.5860159397125244
tabarena_wine_quality,mitra,tabicl,512,512,0.23266944943349072,-0.008068671450018883,0.8977155089378357
tabarena_APSFailure,mitra,tabpfn,512,192,0.8380785831763786,0.6291479468345642,0.5523484349250793
tabarena_Amazon_employee_access,mitra,tabpfn,512,192,0.5103778018047691,0.2787400186061859,0.8077104091644287
tabarena_Another-Dataset-on-used-Fiat-500,mitra,tabpfn,512,192,0.8632377363743383,0.44576483964920044,0.6092486381530762
tabarena_Bank_Customer_Churn,mitra,tabpfn,512,192,0.8700566938545613,0.6412500143051147,0.46849822998046875
tabarena_Bioresponse,mitra,tabpfn,512,192,0.6926336142846042,0.4449672996997833,0.6647418141365051
tabarena_Diabetes130US,mitra,tabpfn,512,192,0.4578826544674917,0.18099677562713623,0.8414537906646729
tabarena_E-CommereShippingData,mitra,tabpfn,512,192,0.9598574906644259,0.7509016990661621,0.3122137784957886
tabarena_Fitness_Club,mitra,tabpfn,512,192,0.9180435511662929,0.7583193182945251,0.35258108377456665
tabarena_Food_Delivery_Time,mitra,tabpfn,512,192,0.8147230254090706,0.34679263830184937,0.5319275259971619
tabarena_GiveMeSomeCredit,mitra,tabpfn,512,192,0.8897961653065226,0.6381242275238037,0.5122007131576538
tabarena_HR_Analytics_Job_Change_of_Data_Scientists,mitra,tabpfn,512,192,0.8590595684632196,0.2633463144302368,0.49945196509361267
tabarena_Is-this-a-good-customer,mitra,tabpfn,512,192,0.8766079113334275,0.5430197715759277,0.550420880317688
tabarena_MIC,mitra,tabpfn,512,192,0.8558669804126732,0.48543357849121094,0.5602476000785828
tabarena_Marketing_Campaign,mitra,tabpfn,512,192,0.8176703414562425,0.20712462067604065,0.5313593149185181
tabarena_NATICUSdroid,mitra,tabpfn,512,192,0.9206075694577487,0.6978090405464172,0.45084407925605774
tabarena_QSAR_fish_toxicity,mitra,tabpfn,512,192,0.7179122068525033,-0.017665060237050056,0.6299635171890259
tabarena_SDSS17,mitra,tabpfn,512,192,0.8634368547821647,-0.08140319585800171,0.4109444320201874
tabarena_airfoil_self_noise,mitra,tabpfn,512,192,0.6580315800457233,0.3466747999191284,0.6913528442382812
tabarena_anneal,mitra,tabpfn,512,192,0.8665384119323603,0.2505769431591034,0.4626903831958771
tabarena_bank-marketing,mitra,tabpfn,512,192,0.8896715747318651,-0.37861302495002747,0.432050883769989
tabarena_blood-transfusion-service-center,mitra,tabpfn,512,192,0.9376903716663159,0.5105429291725159,0.37472787499427795
tabarena_churn,mitra,tabpfn,512,192,0.8203157170942974,0.44932690262794495,0.5224012136459351
tabarena_coil2000_insurance_policies,mitra,tabpfn,512,192,0.6413417706372957,0.08893772214651108,0.7446497082710266
tabarena_concrete_compressive_strength,mitra,tabpfn,512,192,0.6878712352330869,0.34543663263320923,0.7243121862411499
tabarena_credit-g,mitra,tabpfn,512,192,0.8539551341068667,0.3850891590118408,0.5245683193206787
tabarena_credit_card_clients_default,mitra,tabpfn,512,192,0.8558640914367188,0.42976418137550354,0.5167901515960693
tabarena_customer_satisfaction_in_airline,mitra,tabpfn,512,192,0.8065653797806032,0.2555285692214966,0.5675550699234009
tabarena_diabetes,mitra,tabpfn,512,192,0.9424194944706773,0.6544187068939209,0.40108391642570496
tabarena_diamonds,mitra,tabpfn,512,192,0.5471583083655508,0.28011101484298706,0.7613469958305359
tabarena_hazelnut-spread-contaminant-detection,mitra,tabpfn,512,192,0.9066893860934201,0.6284241080284119,0.49740123748779297
tabarena_healthcare_insurance_expenses,mitra,tabpfn,512,192,0.5684426833090701,0.16253551840782166,0.779201090335846
tabarena_heloc,mitra,tabpfn,512,192,0.9009854279745768,0.5668102502822876,0.4497512876987457
tabarena_hiva_agnostic,mitra,tabpfn,512,192,0.2769372813514165,0.05952746421098709,1.0091716051101685
tabarena_houses,mitra,tabpfn,512,192,0.8062821445743753,0.2002968192100525,0.6214881539344788
tabarena_in_vehicle_coupon_recommendation,mitra,tabpfn,512,192,0.776301084313785,0.3448968231678009,0.621778666973114
tabarena_jm1,mitra,tabpfn,512,192,0.8870196164791447,0.6860503554344177,0.43551409244537354
tabarena_kddcup09_appetency,mitra,tabpfn,512,192,0.6039051920471062,0.33393585681915283,0.7674418091773987
tabarena_maternal_health_risk,mitra,tabpfn,512,192,0.8295821659154492,0.5315824151039124,0.5358991622924805
tabarena_miami_housing,mitra,tabpfn,512,192,0.6889578216971117,0.1777457594871521,0.6646496057510376
tabarena_online_shoppers_intention,mitra,tabpfn,512,192,0.8482077595959027,0.5482300519943237,0.5138216614723206
tabarena_physiochemical_protein,mitra,tabpfn,512,192,0.6229472005972452,0.28239086270332336,0.745867133140564
tabarena_polish_companies_bankruptcy,mitra,tabpfn,512,192,0.6706128937652185,-0.3698164224624634,0.6753212809562683
tabarena_qsar-biodeg,mitra,tabpfn,512,192,0.9088596474497377,0.2583920955657959,0.46658778190612793
tabarena_seismic-bumps,mitra,tabpfn,512,192,0.9410282269351289,0.6500914096832275,0.46041029691696167
tabarena_splice,mitra,tabpfn,512,192,0.7927630125064858,-0.0855812281370163,0.5075762867927551
tabarena_students_dropout_and_academic_success,mitra,tabpfn,512,192,0.8844514022903598,-0.3159567415714264,0.472030907869339
tabarena_superconductivity,mitra,tabpfn,512,192,0.6767709412248972,0.3238709270954132,0.7698475122451782
tabarena_taiwanese_bankruptcy_prediction,mitra,tabpfn,512,192,0.7950261523777308,0.293392539024353,0.5459786653518677
tabarena_website_phishing,mitra,tabpfn,512,192,0.9343123442111573,0.5862727165222168,0.42374828457832336
tabarena_wine_quality,mitra,tabpfn,512,192,0.8742441734343603,0.5425703525543213,0.5389015674591064
tabarena_APSFailure,tabicl,tabpfn,512,192,0.8382098560256713,0.6383573412895203,0.520592451095581
tabarena_Amazon_employee_access,tabicl,tabpfn,512,192,0.4457607969382787,-0.14355917274951935,0.8433572053909302
tabarena_Another-Dataset-on-used-Fiat-500,tabicl,tabpfn,512,192,0.718702484795404,0.28859779238700867,0.750594437122345
tabarena_Bank_Customer_Churn,tabicl,tabpfn,512,192,0.7196820270764588,0.35832422971725464,0.6734721064567566
tabarena_Bioresponse,tabicl,tabpfn,512,192,0.694389153681648,0.04861869290471077,0.6941348314285278
tabarena_Diabetes130US,tabicl,tabpfn,512,192,0.32048740464333775,0.20964622497558594,0.9607973098754883
tabarena_E-CommereShippingData,tabicl,tabpfn,512,192,0.9325768192777917,0.6821534633636475,0.36269059777259827
tabarena_Fitness_Club,tabicl,tabpfn,512,192,0.7660990090664344,0.4828869104385376,0.6107770204544067
tabarena_Food_Delivery_Time,tabicl,tabpfn,512,192,0.4345822120167883,-0.16456672549247742,0.8974084854125977
tabarena_GiveMeSomeCredit,tabicl,tabpfn,512,192,0.9167053333692172,0.48386040329933167,0.5081709027290344
tabarena_HR_Analytics_Job_Change_of_Data_Scientists,tabicl,tabpfn,512,192,0.6579635272344574,0.3917647898197174,0.693108081817627
tabarena_Is-this-a-good-customer,tabicl,tabpfn,512,192,0.6613117282788717,0.2060062438249588,0.7386317849159241
tabarena_MIC,tabicl,tabpfn,512,192,0.8061921948260117,0.16601963341236115,0.5808526277542114
tabarena_Marketing_Campaign,tabicl,tabpfn,512,192,0.38720828353422004,-0.2093759924173355,0.8573651313781738
tabarena_NATICUSdroid,tabicl,tabpfn,512,192,0.8548110562618666,0.5643882155418396,0.4814321994781494
tabarena_QSAR-TID-11,tabicl,tabpfn,512,192,0.46163059138171375,-0.07841766625642776,0.8545247316360474
tabarena_QSAR_fish_toxicity,tabicl,tabpfn,512,192,0.5650478251005857,0.18425792455673218,0.7323933243751526
tabarena_SDSS17,tabicl,tabpfn,512,192,0.7587689366201499,0.19432587921619415,0.5301720499992371
tabarena_airfoil_self_noise,tabicl,tabpfn,512,192,0.38779426067094286,-0.09282189607620239,0.8321864604949951
tabarena_anneal,tabicl,tabpfn,512,192,0.6497730894533078,0.11484923958778381,0.5793938636779785
tabarena_bank-marketing,tabicl,tabpfn,512,192,0.6443557237844447,-0.337798148393631,0.7653414607048035
tabarena_blood-transfusion-service-center,tabicl,tabpfn,512,192,0.6383212576236954,0.42639896273612976,0.7289869785308838
tabarena_churn,tabicl,tabpfn,512,192,0.8417533832169305,0.5587997436523438,0.5413067936897278
tabarena_coil2000_insurance_policies,tabicl,tabpfn,512,192,0.7616533409604251,0.2785891592502594,0.6751042008399963
tabarena_concrete_compressive_strength,tabicl,tabpfn,512,192,0.4694265179562719,0.10555576533079147,0.8035396933555603
tabarena_credit-g,tabicl,tabpfn,512,192,0.6487029671293368,0.3188857138156891,0.723427951335907
tabarena_credit_card_clients_default,tabicl,tabpfn,512,192,0.5945261483746798,0.1286376565694809,0.6553385257720947
tabarena_customer_satisfaction_in_airline,tabicl,tabpfn,512,192,0.2823780674392235,-0.14267361164093018,0.8755061030387878
tabarena_diabetes,tabicl,tabpfn,512,192,0.6050196781931503,0.24653825163841248,0.6793302297592163
tabarena_diamonds,tabicl,tabpfn,512,192,0.6854644194482765,0.35564175248146057,0.7203304767608643
tabarena_hazelnut-spread-contaminant-detection,tabicl,tabpfn,512,192,0.7287448408223004,0.45467647910118103,0.5855007171630859
tabarena_healthcare_insurance_expenses,tabicl,tabpfn,512,192,0.44118661104859813,0.04758084937930107,0.8361436128616333
tabarena_heloc,tabicl,tabpfn,512,192,0.3563785417406603,0.11672215163707733,0.8005633354187012
tabarena_hiva_agnostic,tabicl,tabpfn,512,192,0.2503067982780816,0.03688766807317734,0.9978721737861633
tabarena_houses,tabicl,tabpfn,512,192,0.7597697696775128,0.20132161676883698,0.6376003623008728
tabarena_in_vehicle_coupon_recommendation,tabicl,tabpfn,512,192,0.42791429102266615,-0.07223385572433472,0.8203655481338501
tabarena_jm1,tabicl,tabpfn,512,192,0.717772498107516,0.4191596508026123,0.6175420880317688
tabarena_kddcup09_appetency,tabicl,tabpfn,512,192,0.5939773198956902,0.3056464195251465,0.7975651025772095
tabarena_maternal_health_risk,tabicl,tabpfn,512,192,0.49123560209076783,-0.052184853702783585,0.7637763023376465
tabarena_miami_housing,tabicl,tabpfn,512,192,0.5927940268606073,0.17537277936935425,0.74770188331604
tabarena_online_shoppers_intention,tabicl,tabpfn,512,192,0.8340136203679347,0.5593464374542236,0.5413395166397095
tabarena_physiochemical_protein,tabicl,tabpfn,512,192,0.5273867248604257,0.18237216770648956,0.730994701385498
tabarena_polish_companies_bankruptcy,tabicl,tabpfn,512,192,0.715355477884754,-0.48437830805778503,0.6650750637054443
tabarena_qsar-biodeg,tabicl,tabpfn,512,192,0.5525349874111044,-0.2030811458826065,0.7387030720710754
tabarena_seismic-bumps,tabicl,tabpfn,512,192,0.8903832741555802,0.5672468543052673,0.557534396648407
tabarena_splice,tabicl,tabpfn,512,192,0.5482785345287982,0.38257721066474915,0.7420289516448975
tabarena_students_dropout_and_academic_success,tabicl,tabpfn,512,192,0.5455121566333697,0.07421901077032089,0.6876620650291443
tabarena_superconductivity,tabicl,tabpfn,512,192,0.4928063958417263,0.1500302404165268,0.7964964509010315
tabarena_taiwanese_bankruptcy_prediction,tabicl,tabpfn,512,192,0.8037530636065828,0.26984459161758423,0.5086150765419006
tabarena_website_phishing,tabicl,tabpfn,512,192,0.7015404723500513,0.430009126663208,0.587554395198822
tabarena_wine_quality,tabicl,tabpfn,512,192,0.2401613804954441,0.07781356573104858,0.880070686340332
